ReadGroup	LENGTH_ESTIMATE
ECA344	2.2897173541499862
NIC65	3.3977978299723577
BRC20103	5.1169907172219675
QG4028	1.3509855150374328
QG2685	2.8237718514542323
XZ1207	2.6616543294057164
QG2689	4.6288010904037264
QG936	7.103260170188739
ECA2614	2.4498745228632135
JU4080	2.5353779843740862
NIC1267	3.736544420457032
JU2861	4.110041047894612
BRC20102	3.5431352206414513
JU1041	5.921228755340814
QG2669	6.091403452890031
NIC301	4.780833272651825
QG1107	4.477897036018387
JU1561	5.685277422296212
BRC20367	3.0817309247723617
NIC1138	1.8173831637416917
QG3043	2.0032591818726093
BRC20256	5.314819958991643
QG1120	2.832279045173411
BRC20541	3.314297874228683
NIC83	3.0280554641108504
ECA2663	3.7091857786268045
VT847	2.6186560133250865
QG1151	2.5373136791768554
QG107	3.6303524501624187
QG767	2.7895766314830133
QG4210	1.9850057031751547
ED3096	3.098671336613161
JU1468	6.0739452118663255
NIC186	2.9150639034740244
QG944	11.37837159940106
JU1378	3.2529844331193005
BRC20499	2.7134619062288863
BRC20254	3.7335484087559303
JU1992	3.773519889969809
QG4064	2.858996565158135
NIC896	2.8314406550677527
JU2792	5.355031860897586
JU1914	1.9646747431129445
NIC984	3.526971552575012
JU1261	5.981432562486826
NIC900	3.2771128071894915
NIC871	3.4747694392315323
NIC66	4.165732343589581
NIC1663	2.1169226875205878
JU2590	5.326951956991167
BRC20532	3.199216502960841
NIC358	3.6671984623794684
TWN3077	3.69133300108279
QG939	10.565564721231736
QG773	3.2354337225986476
JU2618	4.349900758343533
QG3866	3.353529599466981
QG829	3.6163772268570726
QG948	8.764197274361369
QG2731	3.3641820855153433
NIC1610	4.5469902441376275
JU2457	4.165547404595686
QG4231	3.1433587621713666
QG3858	2.8516729809998855
QX1803	3.369569974870823
ECA280	4.813185267317222
QG803	3.8147982734072134
QG2666	4.144186950800792
QG746	2.5023293861650173
NIC888	2.536802014627079
ECA2493	0.7369387382403906
NIC863	2.3125203320972623
JU2164	6.960857144889449
JU4099	2.7823640107211016
QG927	9.905887330007623
QG2972	8.071908973880403
QG2814	4.719760252234506
NIC100	2.754555350672396
ED3036	5.9079624648454
NIC1485	4.780518876362203
ECA1173	5.586902206810235
NIC1394	6.434644060926359
QG3879	2.527887955121331
ECA1384	3.697972310963627
QG587	5.4565756978123
NIC902	3.0915018682831574
QG3931	7.3582293964388965
JU2531	4.284087135049368
QG3003	6.154948491192416
ECA1177	3.5987032236738234
BRC20081	2.674230180990589
ECA1157	1.2949489998871928
NIC796	3.4398529571841214
QG3034	7.34121500900054
NIC1661	3.1030543907684764
QG813	2.505208269836652
NIC998	4.225307358156348
EG6272	2.2815553798860786
QG2996	6.188366967389276
QG859	3.8215485466843875
ECA2619	5.106184115345359
QG826	5.056139623597323
NIC1632	2.778085755328993
NIC1220	2.5645613576107458
ECA1479	2.9838365506705125
JU4064	5.550290450652119
MY945	3.7764172675408334
ECA1383	3.2857556228375264
QG949	2.1997691921524996
NIC169	6.634008296345365
MY727	3.504254879491554
QG2752	3.8152667855250813
NIC1296	3.6104098619873883
NIC510	3.820364937123458
NIC22	5.9881335186989615
ECA2629	3.5790133854571162
JU1424	2.6906219404828313
NIC327	4.008978052364024
ECA2667	3.3458607958534605
ECA1513	4.44403470623618
ECA1477	1.05016991220066
ECA2664	3.962361096636179
JU2783	5.64928829408421
NIC1048	5.050560630614818
QG2621	6.180352944320483
BRC20244	4.268872820484924
QG995	4.706888498259402
JU1564	5.329633572402647
QG1109	6.377621204475345
QG860	3.3440114059145087
GUN124	8.039113125629658
QG4031	2.0069271385848637
NIC1060	2.4941304241023308
QG759	7.153378637534334
QG983	7.849489010555798
QG979	3.24800340955039
QX1797	3.902508673578568
QX1796	4.357606549755832
QX1410	4.483784260657384
QG2647	5.229828162030548
NIC1590	3.332760950452552
ECA1495	2.2590976213940737
NIC1418	6.514106181969988
NIC1645	2.495264716598221
BRC20500	1.7709634762740012
NIC180	4.3746825835254874
QG2781	7.2547868525201915
QG937	6.998954577631857
QG113	3.014055582272985
BRC20241	4.733513548747178
QG4113	7.1801331453178365
NIC793	1.7057539870265603
NIC20	3.0668063479650205
QG977	3.3022953335248855
JU842	3.8571554676423396
NIC67	3.434890427514601
NIC824	1.3225542270426136
ECA1639	5.4522111375563735
NIC1626	1.4832662127375267
QG932	6.029775615491027
JU2471	2.9047443076146733
QG810	3.5104071833551336
QG2659	5.786451381223136
BRC20238	5.866437496082803
JU836	3.672382918841664
QG121	5.112145315581914
JU372	6.771048090821695
QG1153	2.1358666051285846
JU2256	5.620974134118857
QG1146	3.1268067222177476
NIC1106	2.1294738805729407
QG878	6.095811165577866
NIC157	5.9064767882611084
QG774	3.6041897471593805
QG4067	4.007800607436225
ECA1591	4.003510022777857
QX1798	4.6671142853056775
EG5784	2.225629828132176
QG790	4.142448524258177
ECA1563	4.373369516668831
JU2793	4.85625755899541
NIC1292	5.415112375381001
BRC20524	4.63135941315261
ECA1597	2.14026815318329
NIC96	2.4443818347445267
QG945	7.84591352334049
ECA1459	3.8302653379299803
QG992	2.0596224225787307
QG1134	5.806492603528244
NIC362	3.5267927782142467
JU2584	3.8428905065798915
BRC20242	2.352744563269464
NIC1591	2.3677431156743634
JU351	4.683999215448309
NIC811	3.1725113122423765
NIC367	3.7143517411896103
QG890	13.04239102013861
QG4069	2.098237684504045
JU2786	6.192990442236654
QX1545	2.8013942331929154
NIC1289	7.435164017899292
ECA2115	3.3366015168924417
JU3273	3.324124299437647
ECA2624	5.497459544729396
QG4094	3.767262787343022
QG2737	7.741854516108802
QG779	3.9014606859464953
QG3825	4.30123097978345
NIC558	3.8707669775930253
JU1997	4.067770158523303
QG2694	5.711760686222002
QG807	3.673880924692215
QG865	5.45124329015499
NIC341	3.213352006727563
QG830	5.413774649991826
NIC1131	3.816265456092115
ECA2368	11.873021761739372
QG887	6.036889602122861
QG3784	11.28978582132527
QG2901	8.334337406217665
EG6262	3.957053347511387
JU3416	2.293372981595981
QG115	4.705945309390536
JU1340	5.177958938876079
QG771	4.921226627550787
QG952	11.40833171641208
BRC20093	4.917527847672884
JU2779	4.594716833828844
ECA287	2.1995411007266954
QG997	3.2377947770873763
QG3929	8.214373645510992
ECA185	2.146636219206414
NIC1069	2.9215675914260046
QG2690	4.9342093449222295
JU3281	5.41630831420819
MY918	3.754551313829293
ECA1557	1.7309488426282138
JU2849	4.672779583152001
QG2734	2.7616939958367497
QG4130	6.004543772090594
NIC107	2.034970054692503
QG577	4.071055907981507
ECA346	1.3280715736938198
NIC73	3.4154163514574383
NIC1633	2.6578075983326963
ECA1487	2.5378623315254116
NIC985	4.138731250480884
XZ1211	4.6894302572356965
QG3927	8.258389126058045
JU2221	4.672576150258715
NIC901	2.3824149425233814
JU1497	6.341373161671889
BRC20121	2.655933549861225
ECA2670	1.4778166770507486
JU2248	3.193853272137881
QG950	5.238304532584077
NIC373	5.773326877289708
QG4101	2.454165107521582
QG2784	2.76131795321583
QG3932	3.992604786771171
QG3841	4.695477762336069
QG875	13.566508128837553
XZ1210	3.7269214281413525
QG760	3.4923509729178344
XZ1732	3.4865993702076943
JU373	8.42477257423241
JU1338	5.588085816371164
QX1547	6.976761898364435
NIC1103	4.971369753428902
BRC20122	2.7214081183332492
QG3832	2.020470837571121
QG750	8.992720224484513
QG731	4.780574358060372
JU1500	5.310782124291598
EG6276	2.648338721845263
ECA2275	4.924746633067926
QG2909	4.3148424897341355
NIC70	2.96164387140309
BRC20342	1.6946329888603298
QG776	3.3691199566523444
JU378	9.700235168796182
QG4133	4.727003696162067
NIC578	3.2848679156668297
QG933	11.596291380540883
NIC28	2.462752441471448
MY754	4.141548487821221
QG574	4.00378126663557
JU845	3.657008323815844
QG870	4.139366207693258
NIC32	4.869758105549758
QG3822	9.826055330976203
BRC20540	3.683355965812778
BRC20120	6.34057175936501
QG806	4.101835921198796
NIC817	1.8088328175906045
JU1473	5.274564904653793
QG109	3.6007437172398
ECA1641	6.1603117220153765
ECA1499	1.9682009132632126
QG723	5.2118027747588975
JU2595	3.54700661024699
NIC419	7.622753804040306
NIC549	4.447129352067359
QG993	5.295937687714946
EG6261	3.867598356164288
NIC1533	1.6908787272842576
NIC1483	4.910802232928229
NIC179	5.6019932287120815
NIC778	2.3984429886609635
ED3085	3.1430813536805235
ECA175	3.1240018141436705
JU2247	3.7052219195243183
ECA276	6.053768367632362
BRC20520	3.8603857354023754
ECA2470	1.0157897532355455
QG2849	6.414793942248276
JU2556	3.787396479145077
ECA1577	2.328579201400494
QR25	5.510004573148618
JU1776	4.715198423718425
BRC20246	5.471740695311705
NIC1308	3.358473635237112
QG832	1.8009482518175401
MY2717	2.1659993318672393
QG2695	5.504530378929322
NIC1217	2.8677133564037276
NIC76	2.672553400779272
QG741	4.0118569360356595
QG4066	2.9445308498346563
EG4360	1.9607602010754965
NIC1668	2.5398843311919985
NIC1059	6.455788752561708
BRC20107	1.6685319321885899
QG2729	3.3173062151960444
NIC23	4.178147914713077
NIC556	4.863112631035792
QG816	8.702057772412585
QG3923	7.463028159646166
JU2781	2.003068078245584
QG809	2.999420743222746
JU844	3.910535025913619
NIC1629	1.7080164073852113
JU2850	3.9970248287252654
NIC108	3.2284491932625397
BRC20069	4.119103058595475
ECA2387	1.9660494563008986
QG4211	2.9088931057110545
ECA1609	3.97613905168137
QG805	5.1622761121937675
NIC864	3.8002435745876624
QG2684	3.7900041189589992
JU1907	5.107324572474379
QG1143	9.859960813190318
MY2132	6.824988630707789
QG3804	6.332557736296218
NIC1356	3.5879829266610326
BW287	5.215581694867489
BRC20347	3.789541771474261
NIC504	3.8293283136942446
JU1556	7.445705540551318
EG6269	2.0407401513020327
EG4365	1.8725936180525335
ECA1156	3.0974384099871926
JU2138	3.9826858920652595
NIC309	3.423128307502868
QG874	5.716624581761446
NIC160	5.745062034389394
QG1102	2.2817156603474547
MY756	4.9306831747719615
QG753	8.773382577724828
NIC325	7.422896397970912
JU2777	7.354530616560994
QG4059	2.741609621099733
QG1104	5.489858552080303
NIC1693	5.851962937493939
QG3801	1.5364608320149107
BRC20369	6.391183397360991
BRC20339	1.691784928354344
QG4095	2.7927205943792317
QG994	7.709120314189355
NIC1185	5.287054451374847
ECA2501	1.6406862843411054
QG117	5.013178295315472
NIC209	5.3152946357426405
BRC20090	3.575308440946083
QG2967	5.338757229434809
QG1149	6.76543827467354
NIC119	4.5705946243917825
ECA2808	2.8490961643516126
JU1885	3.4962285271565032
ECA360	1.4954721863346085
QG985	14.309408067314498
JU356	4.031238542595874
ECA2625	2.5565473345419547
QG2779	7.382579697301763
EG6263	4.810491322639482
BRC20542	3.9976474566713796
BRC20073	3.8179237424040418
QG581	3.969462754001754
BRC20269	7.2103398476540494
QG2820	6.784055466725656
ECA1130	4.601750680229991
QG763	10.11517662476567
JU1435	3.0185927522565468
JU280	6.888484351945135
JU2577	5.361270469624983
NIC1351	4.365756194753479
MY752	3.9896704214013674
QG3025	4.181945328721058
ECA2632	2.956853951461205
ECA1535	2.1658390514058636
NIC1287	4.447012224037892
QG2894	7.337639521785233
QG762	7.943068141466759
ECA1469	3.2629279863577314
ECA2379	2.5817052023448293
ECA2627	9.265320301486012
NIC1104	6.96122702287724
QG1150	2.908720495983419
MY682	5.301997522081577
JU2823	8.026660566707383
QG2657	4.3951799886822025
QG1145	2.5724459233838104
QG3045	3.546007939679956
JU1533	4.0072766136201885
QG742	3.1129794501075176
JU1046	7.273280751909709
GXW0024	5.8933769428602005
NIC583	2.6224842504987165
NIC329	3.050174167780714
NIC1373	3.6898904769304077
NIC163	5.005873205056613
BRC20536	3.8562369373059937
BRC20123	3.014024759107336
QG1141	8.306226679145599
JU3205	6.905437093052193
QG3004	2.579282501524802
ECA178	3.0601793673504436
BRC20324	2.797152965599586
JU1337	3.7000929447602915
NIC181	6.582718548705101
BRC20234	3.189309937521189
NIC61	3.898865375398833
JU1499	5.944142696684428
MY681	3.5930872428925396
QG1114	4.636833607371907
MY661	6.397656262147322
NIC498	5.058839732908192
QG2890	1.9570860797301122
QG2683	6.627905309546824
QG791	8.515824205560136
JU2835	6.185223004493057
QG886	6.188305321057976
NIC154	4.911924196157861
NIC1664	3.8121906335932914
NIC1595	2.5636428272744
QG133	1.5416514531102354
QG3926	3.2505247445004946
JU841	3.7132359425931094
NIC106	3.8989578448957807
QG881	2.4132566020719675
JU2894	9.052023995193569
JU2145	3.872388276106173
QG770	3.3527651849588804
QG1152	4.2128732931334625
BRC20294	5.7634881228144845
QG4209	2.9799528317987134
QG2616	4.123424466419493
NIC331	3.3699275235923536
ED3098	5.16410700823333
NIC88	5.43164592143523
NIC93	2.54944567717638
BRC20345	6.179181664025815
JU2893	5.1230443869554705
NIC103	2.495585277520973
BRC20537	5.753994587794532
BRC20348	6.22005318167665
JU1995	3.938257381098507
NIC377	4.56108259547244
ECA1407	4.951273049425625
QG2624	4.030307682993269
ECA1183	2.3533117095174094
QG2622	4.1852927245105604
MY755	3.034349554536416
QG783	4.429652617144265
JU1827	3.388211825455457
JU839	4.855770552978153
JU2573	1.7945493626287667
ECA1501	1.6377704128706914
JU2767	3.073316200550131
JU1346	5.520324169007969
NIC38	4.9229465601940126
QG744	5.239839526233407
NIC30	4.195008186323188
JU2910	3.2237270842850827
ECA2633	1.4085755177363926
MY765	3.7878711558960747
NIC117	3.000702986913753
JU2055	2.5336765456302506
QG4123	2.9878127390392586
QG4112	2.831582441629739
QG3930	10.995054711387647
NIC1527	3.397594397079073
ECA2662	3.4502958457060697
QG923	4.4072565049835575
NIC745	4.115459760415741
QG2678	9.354214311218296
ECA1153	3.87479864765994
NIC1589	1.36952256685886
JU2536	3.72819750719923
NIC1052	2.6367615408274245
QG3796	5.205058666114853
BRC20092	2.1666897707777815
JU4058	2.0356111765380063
QG4117	1.5982736084078104
JU2905	10.937477037954947
JU793	2.2038933317163623
NIC156	4.336640632481248
NIC170	6.3191188360731685
ECA1162	2.844096646883313
QG2617	3.734405292760978
ECA1601	3.4921043875926405
JU2594	5.007420527972202
NIC839	6.374600534241724
JU1994	4.487630991730405
NIC74	2.938298405740389
NIC552	5.235918819562829
NIC906	3.2389907159145648
ECA1573	2.1685329960836035
ECA1645	7.000249150589124
NIC1423	7.216134602796099
NIC1625	1.7553114727573391
NIC1202	5.168810623311397
QG777	3.9215388960503827
QG986	4.957363706957906
ECA1553	2.478176353562306
QG108	3.5921748771893234
ECA2383	2.7308400070219037
BRC20232	2.9208894817817224
QG3017	8.89914109357355
QG3820	3.0443485894730156
QG2887	8.611437665403948
ECA186	2.60545136916097
JU838	4.135359196158862
ECA2631	4.792576898764169
BRC20530	3.933504448955401
NIC1414	4.13927373819631
QG2665	5.6177561956250806
QG129	5.029360457281301
MY2249	2.604767094883558
QX1795	7.01146878288543
NIC333	2.5186286761603123
ECA1575	2.812952920311364
QG1111	4.667206754802626
QG786	6.174619835509733
ECA1146	2.9475576847014073
QG2848	5.049198246693124
QG116	4.281171263578953
QG4129	5.2987980774871914
NIC1123	8.00718032601709
QG3002	2.5162799509378435
ED3103	3.432319775499458
NIC1540	1.289875506821335
QG761	4.439096835099178
ECA1431	3.1932429734580268
QG743	3.6274797311239135
JU1377	3.318335708928728
QG3044	4.6641429321370955
JU1551	3.769377256506557
QG2631	4.225221053292531
NIC317	3.4395878779595384
JU2053	2.490739875880919
BRC20462	1.6444282166509179
BRC20255	4.620645280772949
QX1414	2.037442072577569
QG128	4.720247258251764
ECA1163	4.517165749055464
BRC20498	3.608523484249657
QG796	3.8532532548711513
YR88	2.095956770246004
JU3326	5.54489639666351
QG1002	5.3553462571872075
ECA1429	5.571385825222429
QG3798	4.885699846823523
PB859	3.2618121877612305
JU2101	5.251916042534762
JU1498	5.329232871249208
NIC161	7.1048013284712
BRC20525	3.557954998685585
QG580	4.995122084878172
NIC805	3.7432515413022975
NIC1221	2.65611848885512
NIC791	1.2406940637114763
MY702	4.482187620676756
BRC20526	2.1923223153316536
JU1341	3.3017096933775507
NIC576	3.95501285394541
NIC1055	2.183808956979345
QG550	2.3816258694827614
JU3200	3.5079228362038086
QG792	7.24177947661623
EG6258	3.7416117488897602
BRC20543	4.835119031993191
JU1258	5.128327477547741
QG2922	3.3638307014269424
JU3206	2.0177214111952124
BRC20535	3.0545818804685494
NIC816	3.6868883005961757
JU1376	5.201495508165806
XZ1733	2.3363343098778317
QG3794	1.583811379085207
QG4225	3.35892981808872
JU1262	6.140116383882022
ECA182	2.6469146915922703
JU358	6.218943547713279
QG2615	4.384589148965138
QG1007	5.353274940455582
QX1801	2.4030541342420833
JU1260	5.1355154397771345
BRC20523	4.373215400840585
BRC20237	3.1647253805993896
ECA1399	4.187542815602952
JU2580	6.266164637487848
ECA2513	1.618401135576736
JU2780	6.212778914583439
JU3202	6.305063472537135
NIC330	7.854174131734475
QG575	3.637478766060513
QG585	3.2005973807819252
NIC884	2.506619970823385
JU2226	5.727468171436833
NIC343	3.7357121949845036
ECA1657	8.770855078141594
QG2778	5.1689092574414754
QG4207	2.441675560800527
JU1993	6.156828704297017
BRC20331	6.722347489095963
QG867	4.745707193078
JU1254	3.9146036837793132
MY646	7.113370168521676
QG2739	8.894640911388768
ECA1625	2.8037861108472932
BRC20529	3.2729393505605904
JU4042	0.910300551117734
QG579	2.4000088054759425
QG1005	6.185346297155654
QG998	8.877564877619115
JU2229	3.0811144614593777
ECA1148	3.1915107115485415
JU379	7.058011763015719
MY2049	3.3073626619576135
JU3272	3.4878877785318303
JU1044	5.587907042010398
JU1399	12.396768992450529
ECA1589	4.4214413258153185
QG3878	2.423687161327656
QG1148	8.138671950676564
QG2649	5.154188113527418
JU1909	2.097368471232737
JU1795	4.253861938813764
ED3091	4.681681313391488
ECA2613	3.589074066725014
QG4097	8.679063690838285
QG4212	6.985947201727895
JU2814	4.012368600585436
NIC590	10.337288356433785
QG4068	4.009582186410749
ECA1437	2.4725911959466718
NIC1206	2.936627790162202
JU2144	6.579389646814987
NIC899	1.9779410336083587
NIC1482	6.212778914583439
NIC1205	3.9318215041109545
NIC392	3.838297854898161
QG4030	2.3272353113781885
QG2735	4.04137936409446
NIC914	4.085425667807163
QG2970	5.205705952593486
MY2269	3.374051663156216
NIC1669	2.700078487704005
NIC368	5.04818724685983
MY2281	2.1687179350774985
NIC146	3.4701767875498017
BRC20230	2.915476933893723
JU2872	2.6207643178554916
NIC1274	6.232752325924118
QG2882	6.073871236268768
ECA2622	2.637581437033693
TWN1907	4.195069832654486
QG2648	10.752661336722362
JU2773	5.796610696621111
JU349	4.140703933082433
NIC1056	1.6967289641244752
NIC1303	4.409913461862519
ECA1659	6.176222640123491
ECA1655	11.965306319693068
JU1829	3.5434187937654236
JU796	4.68815417817782
NIC1218	2.8195552423934225
NIC323	3.813996871100334
NIC827	3.081854217434959
QG764	8.498316647471393
ECA1411	6.885217096386319
ECA1160	4.310786161134701
BRC20531	2.3976415863540845
JU3420	2.1809670611064895
JU797	2.7173148019350357
JU516	6.7685205912384605
QG982	5.057982848903145
NIC340	3.805261585955352
NIC182	5.813242876805417
NIC1602	3.7930124599263606
BRC20522	3.554952822351353
QG734	3.7726938291304104
QG2718	11.176479864398821
QG3928	3.951135299706741
NIC149	5.654743994404118
NIC1061	5.448179467489459
QG3827	1.5240637547908036
QG2664	6.426753330520164
JU3321	6.36973047406915
JU2056	2.3802141684960283
ECA2618	2.6176511781249228
QG1154	1.9734531806898359
QG752	3.691598080307373
XZ1731	3.966146181377901
NIC1090	4.966228449398615
ECA2638	1.7626597154481076
NIC173	5.631959510356231
ECA1643	3.985934653724685
QG3864	2.266002010499494
NIC509	5.564401295886321
NIC123	5.536580306571356
JU2252	3.7445461142595637
BRC20088	5.98588342760657
QG4072	4.2661603819077945
QG572	3.206422959089623
QG755	10.141992778880471
ECA162	3.4356055249576625
JU2588	3.8975892963409566
BRC20086	0.7652652274720027
ECA2628	4.183202913879545
QG797	3.1055079147541522
NIC86	3.4414619264310096
NIC1442	2.411777090120806
ECA2457	2.291955115976118
JU4041	2.7427809013944024
ED3092	3.2911188536604867
QG1101	3.068828347631608
JU846	3.8482783959353712
ECA1569	2.5232028339426535
NIC1053	2.665852444567137
QG980	1.4753569884319426
XZ1208	4.308344966415285
NIC1186	3.5255845101207983
NIC758	3.3922250016229825
ED3097	4.398699994199341
QG735	11.887816881250988
QG3925	5.874063147264414
JU1802	3.1658411791958905
QG2819	6.681475971445128
ECA1174	3.4196083019857295
NIC109	3.3423284610700623
ECA1176	3.731668195651329
QG879	5.553748809837959
ECA357	2.5820504218001004
JU1999	5.757385136015944
QG1125	8.495604208894266
QG2728	3.2644383214745423
ECA1653	12.743467959672696
JU1343	5.957526115209309
QG1124	6.4139308936100985
JU3199	4.688733653692025
NIC1158	6.851681492159994
JU1529	4.847620907980505
NIC29	3.903747764837666
NIC303	4.272022948014271
QG2671	3.012286332564721
BRC20333	2.343916808627534
ECA1143	4.529328570220638
QG4061	2.307348204901327
NIC1660	3.2867851165702096
JU2225	5.09538367810188
ECA1547	2.758093850088924
BRC20224	1.9551997019923812
JU2223	4.69584764032386
QG884	8.627835589529319
JU1042	5.491751094451164
QG3039	4.7406398646452725
ECA1595	4.255131853238511
QG798	11.193679190831073
BRC20098	3.6706136691334
JU3204	2.7981639654328796
QG833	3.7857012050343712
JU2579	4.449317796828452
MY683	5.849669693969639
NIC19	2.362145628792469
QG2660	5.644134660787664
QG724	1.9873790869301429
JU2184	5.471457122187733
JU1339	5.502705647522888
QG2910	2.7485633272701917
QG725	1.2806717095584847
QG2742	9.230551770633717
MY771	3.0379065478523337
BRC20341	3.7720650365511665
QG3876	1.4432084266598302
ECA2661	3.8980146560269153
ECA1565	1.7554470946861953
NIC865	1.7225587769385022
VX0034	4.703726041463794
ECA569	3.318508318656363
JU381	7.111397485920127
BRC20308	4.8988675031888596
ECA1158	1.0182617711206114
JU2472	2.946182971513453
ECA188	2.1108443592545663
ECA2297	2.418071180546372
ECA2083	9.110957887914834
QG973	5.210982878552628
NIC80	3.3058954792727118
JU4097	4.979229660669446
QG883	10.890071009186482
JU2836	4.074119730647038
QG4058	2.678113899862387
JU795	5.485056302872159
EG6179	2.882403677152135
QG2902	7.853187790433702
QG571	2.2777148134461886
QG4099	4.021461434451949
JU350	5.3464198684152
NIC810	4.96717163826748
NIC1100	2.6892040748629684
JU1049	5.406013376881358
QG570	3.42301734410653
MY2748	2.3071694305405615
NIC1407	9.802259847095023
ECA2277	7.6030886243561175
NIC292	5.041023943162957
JU441	6.183373614554105
QG2682	6.278493903747527
QG2883	6.303892192242465
QG765	4.367593255426171
NIC1635	2.7165257288944167
QG4120	1.9711969249643144
ECA2616	11.54037815805324
QG825	5.91102628751093
JU2185	4.4532569973984195
BRC20346	3.825444594822446
QG2884	6.360483524374391
UH1	4.0116966555742835
BRC20370	6.742875717418328
QG3018	3.6244960486890716
EG4207	1.5536539938140328
EG5613	3.1191009308054483
ECA1179	3.6255625302205337
NIC1598	3.2926168595110377
JU2824	7.354900494548784
ECA1511	2.9590423962222987
QG1132	3.0011776636647505
NIC64	6.972816533161338
NIC1143	2.147135554489931
NIC1288	8.058778305313846
QG988	4.858489156188412
ECA1164	3.3555639283998278
NIC71	3.74236999876473
ECA1457	2.123993521720514
ED3101	4.2286116015139426
JU1348	1.140555763150365
ECA1621	3.985496964772466
ECA1617	2.1032372019723446
NIC36	4.765643616619902
NIC1413	3.9724710949691158
NIC174	4.667453340127818
QG2923	4.262985595845927
QG3851	1.849618030377622
QG4029	2.1208988758893343
QG868	4.917792926897467
QG941	12.062091059831547
JU2233	3.9531079823082904
BRC20085	3.105076390435064
GXW0025	3.9055293438121894
QG2691	10.323417931891644
ECA1165	2.844398713906675
JU2054	2.964978937926334
QG2618	4.600536247503412
JU1259	5.285445482127959
JU2214	3.3132437219634805
QG547	6.892614656142127
ECA1443	2.0865988571549083
QG1129	4.555546754921845
XZ1204	3.6409432898794827
NIC1124	5.21440424993969
QG3874	1.73760664640844
QG3920	6.150454473640762
ECA1637	5.285426988228569
ECA1651	13.453941927886685
JU2533	2.551079304955787
NIC1593	6.1268131055878285
ECA1555	3.535632862122436
ECA1152	3.472741274931815
QG782	2.4766660184454956
QG4131	2.9837749043392137
QG951	3.9372772044308624
JU2218	4.670356882331973
NIC167	5.705996754245602
JU1775	5.07469516931814
ED3082	3.6414426251629997
QG588	4.387116648548372
JU1038	6.658913414189916
JU2206	6.294830181541601
JU2591	4.570113783007655
QX1804	3.6703917423407253
NIC116	4.306372283813737
JU837	3.907082831360909
NIC893	4.769786250083153
JU3168	3.926273334294099
JU1474	4.222225041591429
NIC812	4.7947160264602235
NIC981	3.384845935766565
NIC821	4.702949297689434
NIC818	2.961939773793323
NIC1535	2.808329445463985
JU1048	5.604132356408136
BRC20533	2.322685812128367
NIC369	5.393801238651146
JU1998	5.964251729953964
TWN1772	3.3509342889193183
JU2057	3.396965604499829
QG4116	2.4387658539632433
NIC1424	3.902983350329566
JU3276	8.100266286277664
NIC850	5.892852949044165
NIC574	2.3587180927722784
QG2966	7.066395664072299
QG738	3.1235887837239713
ECA2623	5.136224372587066
ECA181	7.297692699103874
QG794	6.485872162235324
ECA2373	6.769198700882742
NIC532	2.5170073776471646
QG2889	2.210236739206967
QG926	6.211669280620068
GXW0026	5.516539084266248
NIC809	5.502742635321667
QG1106	4.776481041662159
JU2182	4.0025668339089915
QG2623	2.721648539025313
QG4206	2.2310731991858237
QG780	2.562983211529507
BRC20545	3.272643448170358
NIC332	2.917714695719855
QG819	4.261783492385608
NIC792	3.865773624757855
NIC883	2.904343606461233
JU354	6.795521684347157
NIC1066	5.861049606727323
ECA1559	2.0130917717147034
NIC826	1.7250246301904382
BRC20408	2.129313600111565
NIC1667	1.7257397276334994
ECA288	3.5757646237976908
QG3015	6.2536504322342745
ECA2630	1.6560732086331844
JU2227	3.3519576180188717
BRC20312	4.538347428489593
ECA1543	4.423845532735956
QG2925	5.021056696455407
ECA179	6.409122479768823
QG3924	5.3974260429314915
JU2045	1.4920199917818986
BRC20229	1.8423869157163204
NIC1491	2.638968479487907
QG3046	2.591852188476545
QG873	11.227831258370383
JU1637	1.4804243168646707
JU1788	6.339153893745147
NIC6	4.153655827288225
QG882	13.028150717608678
QG3840	3.179224597720772
JU4049	2.1954046318965736
QG788	3.196615027780049
NIC1692	1.8479474147994357
JU3278	4.259601212257644
NIC175	5.572372166523204
ECA1773	1.4484175416545444
BRC20501	5.891848113844
ED3093	4.18223506647816
JU1912	2.072931865506054
ECA1619	3.4290771784731624
JU1469	6.193298673893147
NIC1630	2.031320591879638
NIC77	4.163950764615057
JU2863	5.807700871621692
JU439	4.1825063103358735
QG1127	7.207319177420429
BRC20519	3.89514193698841
QG733	2.9281575842418026
JU2222	4.588336438539461
QG2639	3.180254091453455
JU3237	3.0947074775106738
NIC1607	3.6836025511379713
ECA1167	1.803481916033904
JU2228	2.789027979134458
JU2470	3.4498458274875916
QG766	11.042090862168322
JU1789	5.609976428615224
BRC20390	3.1958382840056894
JU4084	3.052085204050964
ECA1607	4.415739040170218
QG756	7.867551385626227
EG5614	3.4833074561163597
QG3019	4.333447352519991
JU1913	2.27921281929674
QG2641	4.6764043874323455
QG106	4.063060378812105
QG2777	3.2796033189739466
QG111	3.930305004361014
NIC399	4.625613975075599
ED3088	3.678319460545699
ECA1571	2.456674113205427
ECA2505	1.2854862880328892
QG573	3.5438071656526033
ECA2621	5.650958909662396
QG1131	4.127117081664267
JU757	4.519169254822663
QG4073	5.952236859983906
JU1814	4.065026896780525
NIC877	2.107176402542312
ECA1175	4.418661076273761
MY801	4.080574101533979
JU2032	5.749383442213412
NIC1295	4.95106961653234
QG3527	6.523599716989941
ECA1166	2.340199534850241
ECA2089	2.68800813603578
QG827	2.079891736309643
QG872	4.5279353631332935
JU2143	5.849564895206432
NIC808	7.194003569859975
QG947	4.918674469435034
JU3422	3.544836659385287
NIC815	4.218594072677953
ECA1382	3.6824620940089514
ECA2515	1.412052370821622
NIC17	3.3526233983968945
QG2919	1.97521626576497
NIC1302	3.172646934171233
QG930	1.317129349888355
ECA1667	13.340019507647252
BRC20544	2.5583843952146466
JU2216	4.063861781118985
QG4070	2.647506496372735
NIC554	7.832659562111337
QG2906	5.595082674973532
JU2473	2.064473988851914
QG3837	5.397197951505687
JU357	5.516428120869911
NIC1261	3.0691612378206194
ECA2620	5.543823750498918
PB858	3.4100346267350887
QG785	6.913019591801896
JU353	4.633054687263315
JU2217	4.1967404482326724
JU3319	5.17213336056838
MY2271	2.0669336774707205
ECA1149	4.511130573221352
QG4114	3.398124555528239
JU2626	4.56839385036443
GXW0022	4.86699018527446
QG584	3.4802128102851806
NIC155	5.104433359536485
QG778	7.355085433542679
MY761	4.331258907758898
NIC1529	3.42494687427617
BRC20463	4.47241051253283
NIC253	2.390028264438733
QG2920	1.065297921901286
JU2753	2.4130223460130336
NIC78	2.973479967012382
NIC1139	3.073057285958678
QG727	4.638239143725511
ECA1144	4.370977639014454
BRC20100	7.015907318738915
ECA1127	2.0275478364041764
JU405	3.666797761226029
JU2219	5.872774738940278
NIC72	5.042768534338701
NIC5	3.592600236875282
NIC188	4.194336241312036
QG928	2.571447252816776
QG1113	4.326000475699145
NIC21	2.8955898274168614
NIC1631	1.5461454706618885
NIC1539	3.2724030274782945
QG3823	9.099738255618526
NIC1537	4.743506419050648
BRC20534	3.508058458132665
NIC879	3.413388187157721
JU1047	6.691462677115468
QG795	4.9753644356970375
EG6275	4.98406889767637
QG802	2.8284754665323
ECA2239	4.8463448289226285
QG757	6.32904389541221
JU2517	2.9724319793803096
JU2183	6.158967831993071
NIC819	9.379612599713234
NIC1050	2.910354123762827
QG877	5.448549345477249
QG2815	5.024644512936973
QG3842	3.28908452472764
NIC191	5.949918957927087
QG119	4.852971809537206
QG3810	3.236457051698201
EG6257	3.643963960113104
BRC20556	2.824363656234697
ECA2635	3.014332990763828
BRC20492	4.23865378888245
ECA1587	3.635167028636823
ECA163	5.916068957411139
BRC20528	2.335015078388046
ZZY405	3.6540061474816126
ECA161	3.908395898217565
NIC1666	4.547440262356106
QG728	3.4629703314210194
JU1794	2.1160781327817997
QG130	5.115005705354159
NIC777	4.701118401649873
QG4115	2.75247170467451
BRC20289	3.184939212632133
QG2730	3.1794341952471865
ECA183	2.194085400406788
QG2886	9.856631911300205
JU1375	4.462584087323867
NIC115	4.963873559543017
MY750	4.536528861716291
ECA1381	3.110445785891154
ECA277	3.1320281664787215
JU1542	5.370461937621574
BRC20077	6.8584625886028165
QG3922	4.192918375692172
NIC63	3.195227985325835
JU4060	2.410556492761098
QG858	3.9816810568650958
JU2181	5.3747155344811635
JU840	4.888325980536835
QG2673	6.050932636392636
QG120	4.7023759868083594
NIC40	4.3233928358852225
QG2908	1.8022058369760272
QX1800	4.44938560779288
QG2736	2.5752076790259784
QG2714	3.524092668903377
XZ1212	4.2727133869248135
QG814	8.248402420387704
QR24	4.451463089157636
JU1830	6.357586146803366
QG815	6.0688162371023
JU2563	6.756006385984887
ECA2299	3.07451213937732
ECA1629	2.87377319077036
JU2506	2.431701184396447
QG4121	1.9551627141936023
JU1205	4.073040919849316
ECA2637	3.604134265461212
NIC101	3.8986742717718084
NIC89	3.9031189722584223
NIC75	3.5115044880522452
NIC60	5.174050561471761
QG2892	8.529817922764872
QG4098	2.194843650281758
QG3815	2.1151287792798046
QG784	2.9664954376762744
NIC1552	4.329304719056739
QG3813	4.6676136205891945
QG3783	4.106206646087851
JU404	5.321107884784079
JU835	3.9207251644772434
ECA1473	4.363068414708869
QG775	4.427858708903481
JU3327	3.3906406909086138
NIC820	4.814017492789751
ECA1427	5.1883031932679495
NIC1203	3.198908271304349
ECA2507	1.4122681329811662
QG3041	7.98911795094666
JU374	7.752704270417319
NIC828	3.0974137514546736
ECA2647	2.406833054350675
QG114	4.665190919769168
EG6265	2.9842495810902117
QG787	3.399080073663364
QG2971	2.908147185102344
JU1638	3.273229088317693
QG726	1.881513842191411
QG3032	3.613504507818568
JU1820	4.070377798337225
QG2921	7.729525249849123
ECA2626	8.299014058383685
ECA2455	2.7372142376781574
ECA1613	3.2106950498486024
MY2716	2.753273106981389
NIC1219	2.107490798831934
QG4075	6.584506292312755
QG822	3.560365370239352
NIC802	3.7936720756712536
ECA177	3.1233730215644266
NIC1628	2.755584844405079
ECA2093	2.3463148509150415
QG3816	1.6803372046322322
ECA2301	2.7304393058684644
QG3875	4.5513856275592035
NIC776	4.026504104352157
QG2926	5.712636064126439
QG4063	2.476955756202598
QG781	2.5900459509695017
MY2725	2.6153949223994015
MY709	5.585977511840759
BRC20401	5.029699512103442
ECA1567	2.6264727681337225
NIC1306	4.1230607530648316
NIC1416	5.445300583817824
QG880	8.276759732784967
NIC1524	3.041426553369472
EG6268	2.4200500277810506
JU1987	4.771197951069886
QG589	4.697894298522966
NIC518	3.965166004710256
QG3867	2.327272299176968
JU1822	3.959210969106831
QG1139	4.075217035344148
QG2667	7.532010404369069
QG110	4.4743462073356
NIC1134	2.8890306577667126
JU2044	3.4806504992373988
QG1103	4.317579586843784
ECA1531	4.251642670887022
NIC81	3.3508233255229816
NIC1089	5.201415367935118
QG2693	3.9535456712605086
QG2640	5.518807669258029
QG1130	5.210680811529267
ECA2669	1.792625997092257
NIC243	5.47269621344683
ECA176	8.34882429407279
JU3203	6.84989374855234
EG6274	3.7440899314079554
JU4062	2.187119364970069
NIC208	4.573818727518689
QG876	6.494502648617099
NIC519	5.337031132158455
QG938	2.1273840699419257
ECA1423	4.093371879911525
ECA1471	3.2759230329954327
QG856	6.868695879598351
NIC1065	6.072194456057452
ECA2503	1.3906056121629107
BRC20236	7.2880758714213245
JU1347	3.3895248923121133
QG828	5.592900394845569
QG2741	9.426833689487804
ECA1529	4.204569532307569
JU352	6.791699611806656
ECA1517	2.4770543903326754
JU2142	4.855992479770827
QG4100	8.635171502953828
JU2801	4.062345281369044
QG3921	5.561929278001256
QG2630	3.656367201970341
JU1908	2.764030391792959
QG2969	3.491494088912787
BRC20290	3.8936747543035084
NIC302	3.105045567269414
JU279	6.116185278071986
QG866	3.9659365838514855
QG4104	2.9053731001939167
JU1263	6.088900611839317
ECA180	6.752430898769579
ECA2634	6.460905398059475
EG6260	3.9455131542923274
JU1996	4.6648272064145075
NIC505	3.0315754696279886
NIC1141	2.4946297593858477
QG793	2.804562854621653
QG578	3.5399234467808047
QG4027	1.7292474038843781
NIC79	4.058634172224881
BRC20311	8.48080908938265
BRC20099	5.039267022720952
JU2555	4.105978554662047
QG3861	2.539680898298714
NIC153	5.11228093751077
ECA2511	1.7061855113456488
QG3933	9.29373926021457
ECA1129	2.548730579733318
QG737	5.047916003002117
QX1802	3.289787292904441
ECA1159	0.8032023797530342
QG2738	11.04911854393634
MY539	4.603791173795968
QG3030	8.347591367446821
QG3819	6.1980454414031225
NIC1088	5.082795497250749
ECA2646	5.006871875623647
JU725	2.1868727796448755
ECA278	3.149578876999374
QG4233	2.902827106711293
JU1043	4.919728621700237
QG2677	6.252972322589993
QG3056	6.347661087464324
NIC87	6.806433084986972
JU2220	3.499526605880967
JU2754	4.940226026856952
NIC553	6.797925891267794
QG799	4.217792670371074
MY2270	5.247970677331665
QG3016	6.307652618451667
XZ1205	4.475770237588593
NIC1525	4.6210398172932585
JU2105	4.395605348368162
QG4214	3.6321710169357213
MY728	4.13812095180103
EG6267	4.311125215956842
EG6273	3.521219949864872
JU1560	4.6809045696171285
JU3323	5.4949813622112
JU2747	4.5624881318260435
ECA1593	4.805565780768741
QG4093	2.597067468104389
JU2799	4.551835645777682
ECA1128	2.1604203388847347
NIC1530	4.899533283566883
NIC1125	1.6634892622883812
QG730	6.460967044390773
QG749	5.962833864334101
PB826	4.247074677737811
NIC178	5.669138412762292
JU355	6.57932800048369
ECA1147	3.8036587813415936
QG4208	2.602862223246438
QG1128	4.1130617181282325
BRC20076	1.7752602255654992
QG855	4.176841012489551
ECA371	2.019126947548816
QG2668	4.886723175923077
ECA2371	3.5534116640688933
JU3279	5.166104349367398
QG758	8.28736290176829
NIC1047	4.968663479484902
NIC1479	2.8201223886413676
QG889	11.56725595849934
QG1142	4.8400014214320235
ECA1178	4.0284582930543165
QG946	8.851365186817295
QG2717	10.781696758763905
QG1126	4.07594446205347
NIC599	3.2945957067457163
NIC825	3.530460734926501
QG931	8.130534634945175
QG925	11.416900556462556
ECA343	2.1048893236511415
QG1100	3.9815084471374598
QG118	4.956987664336986
QG2891	2.0242929101116216
EG5715	1.7167393632639338
ECA1561	5.210286275008957
JU403	6.441363511037884
BRC20557	3.0706715729374303
QG824	6.035989565685905
QG132	6.692264079422347
QG2885	6.476132041890177
ECA1551	12.077256057330953
NIC973	3.1816842863395776
QG2674	3.9358470095447395
ECA2425	4.1043572561489
QG4213	5.843523554739189
NIC171	5.236553776775202
JU1471	5.325404634075578
ECA2279	4.441057188434467
NIC398	4.055705971488207
NIC69	3.7807510046311106
NIC1273	4.318263861121197
JU4051	1.8342434353518027
QG808	8.550037919430746
TWN1899	3.223628450155005
JU1496	5.739254949981086
JU1767	4.601140381550136
ECA1706	1.3155265452745968
JU2597	4.4036008775375635
NIC1182	2.4545719733081515
EG5612	3.1172453762333667
ECA1461	2.327857939324302
ECA1182	2.5580638342918953
NIC1481	6.15208810142017
QG2740	12.474381723555206
NIC162	6.36936059608136
EG6259	4.946957806234737
NIC151	5.306041521414752
NIC919	2.3797148332125113
QG3826	2.928040456212336
QG4232	3.1535242422024714
NIC803	4.74302557766652
EG6271	3.7697841222931263
ECA1549	1.9479315995323008
NIC1480	7.151714186589277
JU380	9.616457804561664
NIC1688	4.3227270555072
NIC18	4.14964881575383
ECA2499	1.3279359517649634
BRC20239	2.072272249761161
QG854	5.313118520247808
PB420	2.893389053389509
JU1884	3.1022838116272466
QG3053	2.7475708213362875
PB857	2.779028944197858
BRC20095	2.1213119063090335
QG2686	5.1743834516607725
NIC84	4.688012391615834
NIC829	7.220203260661793
JU296	5.640633149169915
NIC68	2.9864072026856556
NIC164	5.469478274953055
NIC62	6.837502835961364
ECA1145	3.1859070600335175
NIC37	4.954867030540321
QG736	5.532067795120313
NIC250	2.8302940333056026
JU1264	6.738683766890038
QG2780	4.678346246868245
BRC20334	3.789751369000676
JU2766	4.001685291371425
NIC1190	3.0209044896802366
BRC20310	8.76407398169877
JU348	5.752866459931771
MY2250	5.239796373801497
BRC20503	3.4662560808792238
NIC1562	6.281637866643745
JU382	6.558923064823921
ECA1455	2.8815221346145683
PE887	2.311034655512971
JU1834	4.566680082354335
JU375	7.84209145079999
MY699	5.546622493939864
EG4181	1.2054508561081845
BRC20247	3.065252860416301
QG4132	2.233064375686762
NIC1665	1.3159272464280363
NIC158	5.7079632722140214
ECA1631	3.359219555845822
NIC1304	8.59522468027247
QG747	8.116355978746546
MY701	3.3298697375146573
NIC97	4.854019797169279
JU1472	5.1840927488402695
JU1784	6.045082399552418
ECA1387	4.848816846807694
JU1799	5.001490150901297
ECA1180	4.195797259363807
JU1509	5.301670796525697
ECA2666	6.326393103166379
QG3012	3.153345467841706
NIC1072	4.018625703212223
QG4062	2.364673128375703
QG978	5.162609002382779
QG745	3.0346516215597785
QG2895	5.664484114749263
BRC20089	2.5957297427152137
NIC596	3.4720693299206626
BRC20320	2.8227546869878086
BRC20096	5.9949762614730835
JU2582	6.5681083681873815
BRC20260	5.0187572882979765
QG4118	3.069629749938487
ECA1168	2.210686757425445
JU1562	6.828132593604008
BRC20075	1.769625750884826
ECA1627	1.9048223200553338
JU2596	4.891876809219622
GXW0021	6.544251237974903
NIC790	4.52389136380012
NIC813	4.606861161094629
ECA1181	4.0010133463602715
JU2518	3.03883124282181
ECA1605	1.8665954300171996
QG2964	3.8005456416110244
BRC20343	4.812624285702407
QG112	4.8404514396505025
QG4026	2.429155190913823
NIC98	2.3813238024593995
NIC1634	1.8113233293750597
EG6329	2.5227589803573047
JU1470	5.760929800065601
ECA2668	3.4835910292403325
NIC185	6.869250696580036
QG748	7.821439929815029
QG991	3.0581203798850773
JU794	4.793809825390137
ECA2381	2.4884343030903593
QG1156	2.2295443701696236
QG996	1.597632486562307
QG885	6.435630402227133
QG1144	4.101348915181537
QG2663	5.098601616595657
JU1467	6.5947395833082885
ECA1172	2.888617627347013
JU2004	4.975493892992764
QG804	5.907826842916544
NIC1062	4.973755466450149
ECA1170	3.4654300200398254
QG754	6.8778811829618105
NIC1189	6.8019945491334886
JU1085	3.215614427086214
NIC1057	4.687839781888198
NIC889	2.819031248577386
XZ1213	3.492313985119055
NIC1183	5.785810259377633
NIC507	5.188346345699858
QG2692	4.678857911418022
JU377	8.45165037467851
ECA1615	3.4095599499840907
NIC1058	1.8134008107398156
QG700	4.604987112623157
ECA1475	6.26493171086188
JU2208	5.479427992824615
QG576	3.3497321854589996
JU2562	3.234767942220625
MY800	3.974696527528988
JU1342	4.617975994627728
NIC979	3.097228812460778
JU2569	1.8974185956663967
ED3087	3.943941172844219
JU726	3.266115101685858
QG3787	4.058430739331596
QG924	11.890344380834222
EG6266	1.522972614726822
NIC95	4.020129873695904
ECA1611	3.776842627226792
TWN1824	1.9650076333019557
ECA1161	3.0842707536218557
QG888	9.53181739168897
JU3171	2.815696182054143
QG3661	6.3741690099226345
ED3090	3.4690671535864306
NIC187	3.422869392911414
JU1791	4.49737727670868
QG861	4.145500017657447
QG4096	2.4807778287430984
JU3201	4.347582856286714
BRC20366	4.066167353909544
NIC1063	6.918875993275243
JU2791	2.9708846564647198
TWN2919	1.9389928814940334
NIC897	2.3328636214257323
JU1045	6.53629886123741
QG812	3.997659785937639
QG864	5.833358074708084
EG6313	6.9752207400819755
NIC806	2.2901612077353346
QG934	4.820305418582187
BRC20309	6.576677208237858
QG739	4.853076608300413
QG3058	3.412253894661831
ECA1483	8.953944682097825
JU1392	4.20181394129853
QG4074	5.8456935056008925
BRC20315	5.402961883482087
QG4128	4.933728503538101
NIC555	4.364547926660031
XZ1206	3.988184744817076
QG4122	2.884659932877656
ECA1545	7.523811442306383
QG4065	3.9352736986636647
QG2900	8.072278851868193
NIC1681	3.370870712461219
ECA2636	7.127610471051605
JU1828	2.5784934284841827
JU843	3.996741255601293
NIC1421	4.4299423549013675
XZ1209	3.8992414180197534
NIC876	2.7543704116785004
JU2873	2.5287571683926386
MY751	4.356453763360551
JU2868	5.05893220240514
QG869	3.1670371180230794
ECA2671	2.514042189111712
ECA2639	3.7687238053947936
BRC20295	4.697777170493499
ECA1169	1.909340996139506
NIC1528	4.901845020990573
NIC974	3.008834138012011
ECA2807	3.1330761541107943
JU1344	3.12211543640594
JU2224	4.553376804060141
JU2583	4.439318761891853
QG2881	5.39134155003234
NIC911	3.7586446302275065
QG4119	2.3436270708704314
ECA2617	2.5158854144175335
NIC400	6.426691684188866
ED3102	4.294006029755279
JU1257	2.3213974038042307
JU2507	2.630991444217895
ECA2385	3.149091870982117
