strain	length
MY2004	10.55650532122829
ECA1931	26.09978005568032
ECA777	16.617723945071464
WN2002	10.873318934624265
ECA1847	24.683421096256485
ECA2598	11.079575706167653
QG4135	16.40745179186273
ECA1825	29.989681043986433
JU3398	7.588402117230624
QX1212	44.05536224861806
ECA1197	11.913436632004972
QG2857	8.564809092187804
MY2491	7.414603014148801
ECA395	17.05479823934462
QX1214	53.53112759461787
ECA350	31.722853616806244
ECA737	12.2948309671853
WN2063	10.373671609399432
ECA2521	12.72019373160119
QG2828	9.370963884534222
NIC3	4.31761275099623
WN2039	11.760785205693983
DL238	67.83719631494834
ECA2452	11.407297773087826
ECA1735	19.928740743289872
QG2858	8.97190187002636
ECA2403	11.46799695926234
KR314	46.069745384067765
ECA748	15.330057968022038
MY589	9.805896641919192
JU4082	9.960288066951831
JU1511	7.513916787338413
ECA765	15.505128608631221
QX1216	27.624487397040802
JU2141	6.643783580457449
ECA254	7.230296995709316
NIC268	11.291052473875995
MY2623	36.95201823656151
ECA616	5.052407518846633
JU3136	19.76223625023343
ECA809	14.163924209377154
JU3139	13.198626457027434
WN2073	8.502704522430419
QG2835	9.696745183649474
ECA2326	27.091244711882556
QG2830	10.482421529502613
QG2875	8.89775115527293
JU2526	5.743929856950132
QG4103	17.734535432260323
ECA1953	35.536796968609515
ECA1212	10.951217338932022
JU2802	8.572103702213187
ECA1995	11.348940892884766
ECA2287	13.162086483872766
ECA2547	9.217910920056697
MY819	9.646887527971401
QG2813	9.320236229495322
ECA1223	10.775812083184059
ECA1208	12.764429852947778
ECA1951	37.264348007097844
ECA754	11.472280033038713
ECA1293	11.207130997070216
QG4016	14.106303482479404
ECA1200	13.491080088320299
QG4004	13.086664231591975
ECA761	12.139770311875102
JU1924	18.487486417540875
ECA1198	12.248051770783993
JU1249	12.41348549539634
JU4074	11.712935240848584
MY18	11.420347763500208
JU3137	22.202718303404335
MY795	12.48174698370726
ECA710	10.84996279793749
ECA2554	11.424430068193313
JU3400	8.863821180200738
MY2688	7.507626022729368
ECA1214	10.653811403585228
MY2685	12.099415726138352
ECA1316	17.913889146645875
NIC1792	11.421485454972057
JU4073	13.288035622109188
ECA1903	29.632044383659416
MY2338	7.572942897819033
ECA2572	17.54099403599054
WN2096	10.341280863965624
ECA349	32.298123963395135
QG2811	10.337733943494566
ECA1715	17.843486121446773
ECA1927	13.334747895482739
ECA1767	13.678598412092061
JU2016	14.278295663811821
JU2527	6.1168651214221255
JU2106	6.795297315296589
ECA2107	11.79337672021106
MY2679	11.132311052039228
MY864	10.276298604014737
NIC1810	15.003272823490448
ECA749	18.839033082342112
ECA1759	13.98276357324219
MY2144	9.469541504418519
ECA2658	31.364547726201668
ECA813	11.997558877894019
JU1516	7.063993271736143
ECA2171	13.90412901562912
ECA1284	15.299340298282123
ECA2340	27.525106700823436
JU4085	10.935825042548187
ECA2536	16.406581792501903
QG4184	13.011509671422207
JU2828	9.082592557934461
QG4017	17.302681134152117
MY2579	12.909585900150116
ECA1230	10.540042256400362
ECA2591	10.840125112857388
JU1491	10.01723956357202
QG2846	8.867836561866087
JT11398	38.70700771642971
ECA2563	12.57891922000869
MY508	10.703066752013502
ECA2413	13.1561303344025
WN2061	7.525896009306702
JU1409	14.381424049583515
ECA2431	14.822112187355485
ECA1071	7.2070747050780515
JU4048	10.523846883683456
ECA704	15.499774766410757
ECA1937	19.199748201945894
QX1791	7.959021844942266
ECA1929	25.703528808338206
NIC529	10.053311075532399
ECA1711	14.94023133134448
ED3005	9.25980473543183
ECA2677	13.56984849198888
ECA1281	13.144218035461964
NIC515	17.31700266209186
ECA2067	21.199542117344834
NIC196	12.975170467350805
JU2830	5.1676355880365765
ECA1296	12.996786605315929
ECA1279	12.869298237441123
QG2854	9.192881707676026
QG2845	9.539810683562115
NIC1812	11.442432362659625
ECA189	23.986016224013245
JU3399	9.795657418672555
ECA2319	10.566744544474927
MY2147	12.757536781088929
ECA1225	10.546801482203698
ECA1189	11.852335907663925
ECA1733	15.068388929496844
ECA2122	13.057418868462687
JU2878	9.430793071347908
ECA2549	12.32755632775789
QG556	54.739355937721164
NIC251	13.276591784362946
JU1088	19.650340947825725
ECA1245	13.245606422512008
MY2024	55.12443103942805
ECA1224	12.128259551101104
ECA926	22.492361167531456
MY882	42.698029399674844
JU2139	15.675447714269742
ECA2321	11.773433657939831
ECA1263	12.093258807584819
ECA640	19.91696229040485
ECA2183	9.448326904619929
ECA2535	16.822173794865446
MY579	9.301163166584917
ECA2574	11.288643244876786
ECA1887	12.09593572869505
ECA2147	12.616128423440916
ECA2485	10.986218082448309
WN2059	9.054752578388046
JU4098	14.236937232658734
ECA2125	14.842657556876517
QG2075	15.926944452576056
PS2025	10.855651255296735
MY772	8.570564472574803
NIC1797	14.719719954889104
JU3226	17.076748992448522
ECA2648	16.427461777161714
ECA1851	24.751749507595157
NIC511	6.606293300308647
ECA755	12.375138600492265
NIC199	13.936385915007419
ECA730	15.696461544985064
ECA347	15.723230756087386
ECA2552	11.028111897823441
JU778	15.356894102152115
MY2294	9.672050586407583
JU3166	4.796861937361095
MY524	8.051509469300788
ECA709	15.740965358442676
JU2234	17.010428271942523
JU2572	15.393233306223518
ECA1239	12.15288722531524
JU1172	22.1452314225621
ECA1259	12.385243977683391
WN2083	10.624566040455942
ECA1935	28.794703460378795
ECA787	9.736430539108666
JU1807	5.083981803341821
ECA2641	10.821721280224542
ECA1723	28.364856853103266
ECA2433	12.699581439052404
ECA2522	14.65406846466066
QG4080	13.435801667394003
ECA1209	14.252731067209105
ECA2163	13.5695138768501
ECA2249	23.026540775078285
QX1211	33.722245994038644
ECA774	7.4304637717269255
WN2065	8.686609002703369
JU1941	7.7036435710261175
WN2001	11.884793576125489
ECA2675	14.313430253383618
QG2928	8.27443007475537
ECA2526	17.011030579192322
QG4228	12.880474383076342
JU1581	13.784537565029499
WN2021	20.86626543912093
ECA1907	11.08827569977591
MY2479	10.481350761058522
RC301	51.760946587449105
JU782	10.569622234668428
ECA742	9.120203299533223
ECA1853	15.762715342463311
ECA1827	13.286295623387538
ECA2155	13.818601386157203
NIC1804	20.765412436292934
XZ1672	20.68062096012633
NIC1790	11.21824021967768
QG4151	13.630614601191148
ECA1855	13.474215485325836
ECA1278	10.674089080995236
MY2224	9.836212773492571
JU258	28.910747990507357
QG2827	9.19970785650712
ECA743	11.163898721139967
NIC1789	14.115672706365217
ECA2285	14.371653287531167
NIC1799	11.29145401204253
ECA250	20.41935345976767
JU311	8.074664836904295
JU2007	5.348200609224511
WN2086	9.446453059842767
ECA1292	12.880005921882052
MY564	18.88306843460543
ECA394	15.161010399910877
ECA1713	13.621579992444115
ECA2179	11.822354391229323
ECA1783	25.633125783139096
WN2074	15.261127249433558
JU1586	15.946218284569724
MY2453	10.912937367055703
ECA705	12.317517873594518
ECA193	18.285579642801615
ECA1987	27.527515929822645
ECA708	16.91720449427869
ECA1865	14.301785646554109
ECA716	15.761376881908195
ECA1749	27.89278181531382
JU2287	6.494123613487145
JU2578	6.260073708516771
NIC252	8.348915404647581
ECA1195	11.634635298374294
ECA1885	12.994912760538766
NIC521	9.078577176269112
ECA1441	13.39437631321316
ECA1184	12.110725717829084
XZ2020	28.584632076253325
ECA249	15.147826563442983
JU1792	9.340112368738795
ECA1751	35.57521078654135
JU2908	12.967407396131131
ECA732	11.387087018705573
JU3282	8.188567830144674
ECA764	16.258213439967285
ECA2679	14.855506778205632
MY991	9.496377638548598
ECA1757	10.851502027575874
ECA1857	13.223990284546883
ECA1849	26.19240152609435
ED3048	14.417763253654917
JU3134	14.762483769625064
ECA1298	13.09563191731125
ECA36	25.27421758528472
ECA1215	10.794082069761394
ECA2419	16.77539459846414
ECA928	25.36657136358773
ECA1243	12.215928717461207
MY741	8.78799738975341
QG2824	9.330876990908493
NIC1782	12.51172850014186
ECA2109	13.07287808787428
ECA551	6.657603185689022
ECA2674	9.90862348952435
ECA2650	16.221807312868126
MY2208	9.599572947348047
ECA2253	21.002052262437456
ECA2328	23.92357703911708
QX1233	20.951659222537337
ECA251	42.600522548234636
WN2095	10.016704179349974
MY2099	21.01951917268172
JU397	9.443240754510489
JU2522	9.786890502036544
MY2344	12.173432594836271
QG2841	9.529303768204453
ECA1691	23.00639694372379
JU367	8.094875591286549
ECA784	16.428599468633564
ECA1291	13.660663040653505
MY2689	11.99675580156095
ECA1729	17.272833463773033
QG4162	15.901781394139872
NIC1801	12.212448720017907
GXW1	8.7728727854806
NIC1794	13.504130078732679
MY887	7.0595094288765035
XZ1756	10.447822324152863
JU1922	7.915120338734459
ECA248	51.984603346209
XZ1515	12.013419635472143
ECA2191	11.012585755384094
XZ1734	10.284797828539725
ECA722	9.167183265017798
ECA2585	11.072214173114515
JU1652	18.68430704217069
JU1656	8.216876270885379
JU360	20.550321825085778
NIC1803	23.358412069719318
NIC200	14.028003540005114
ECA1789	21.031833009788787
ECA734	10.892994304784473
ECA2307	9.289183944616628
JU2604	7.050207128018447
ECA707	18.208283545743658
NIC237	14.577642366963532
AB1	12.607227660749393
MY2713	14.046139680526936
MY2719	19.43511649056306
ECA1725	9.776985893928684
ECA751	12.00103887533732
ECA1246	14.34976945745502
QG2836	9.031664133812294
ECA1227	12.899948984153282
JU4069	10.30955934880937
ECA2595	10.159116382414325
ECA927	10.330372410441427
ECA1803	23.507449652531495
NIC501	6.284969074841929
ECA594	8.57123370285236
JU3291	9.695406723094358
QG2810	9.778458200539312
ECA2546	11.350881660689684
MY2622	11.176747942469081
ECA1268	10.455652318400293
ECA1236	10.78839361240215
ECA396	13.405485535820626
QG2842	9.755838217157848
ECA1465	9.729537467249818
NIC1785	14.171687280596824
ECA2247	34.843206708948365
MY2635	13.692317632782002
ECA768	8.631263658749319
ECA2251	34.17912950452752
JU4054	9.430056918042595
WN2013	22.428115060885883
NIC1793	12.35318784738836
JU1808	11.277801714380345
JU1242	9.227347066970264
ECA1765	9.829721239800257
ECA1213	10.824130509223751
NIC263	16.379879504427336
ECA718	9.714078247838227
ECA2615	10.770190548852572
ECA245	9.443039985427221
MY965	7.546374455799978
NIC273	6.619711367373687
CB4932	13.96857589135796
ECA2085	25.81602641799571
ECA1727	16.365691822543106
JU3144	10.022727251847995
ECA776	13.90780978215569
QG4076	13.188253387725284
ECA2608	15.879964487091481
JU1580	14.904895972689415
ECA1229	10.52699226598798
ECA1250	12.274218674636511
ECA1983	12.959978940050236
ECA363	11.873015123240467
CX11285	9.863985830011229
ECA1781	13.397053234323394
ECA1831	6.0842869915105995
ECA723	11.356637041076683
ECA2375	11.24313558600284
QG4159	14.400162497355142
NIC1786	12.182734895694328
MY2097	11.80917055476143
QG4226	14.186878807897394
WN2062	8.071318685516506
ECA1221	12.813484432292782
JU2860	13.044636570161328
ECA2131	14.884350603168382
ECA2568	11.49737616844714
WN2018	23.987020069429587
QG4138	13.75883912237127
ECA1226	13.365398642194897
NIC272	8.796496614278398
ECA2401	6.785660399299753
ECA706	10.436846947600912
ECA1921	15.08424968707497
NIC1791	9.12201022128263
XZ2213	10.831224350165865
WN2068	14.651458466578186
WN2014	16.83790070638806
MY2138	11.631356070014258
JU2576	31.545976054447657
WN2093	9.254116278072587
ECA1845	15.569709330415574
ECA2127	12.901287444708396
NIC255	30.45874454552686
QG2850	8.787930466725655
QG4194	11.68556372249646
N2	18.61678170716509
ECA1187	11.657991435061067
ECA1859	10.312972423224918
ECA1747	26.66708656196627
ECA1271	12.312030185318543
MY2585	28.89609184742884
CX11276	15.993265173082056
ECA2479	10.45632154867785
MY2011	10.433300027129855
JU2800	5.075736886322305
QG538	15.204242675841126
ECA2586	13.006825059479299
ECA778	19.644384798355457
JU830	15.26587878440422
ECA719	15.780516867846353
MY538	13.875151344610858
ECA2467	15.789417630537876
LKC34	24.413052064123033
WN2076	17.440408725273564
JU2131	8.018984877811466
JU2566	10.170760989243835
ECA1823	15.430375586627987
JU3127	14.266717980010068
ECA1073	7.373846890245515
ECA2324	25.664244991045546
WN2082	10.322274724082977
ECA2551	10.53033841737577
QG4021	13.269297174337563
NIC262	30.013639487923008
ECA2529	18.145978206903006
ECA1791	11.87776665821113
WN2080	10.072517984498313
ECA1272	14.790658364310257
ECA2579	9.717625168309285
ECA2567	11.593410713276718
ECA756	7.451946063636539
JU3271	8.676972086706533
JU2593	11.966372746959813
ECA1875	31.956214214590734
ECA2581	15.59032162296436
NIC261	14.008997400122466
QG2859	8.469778392774563
JU3135	11.009239603996305
JU2825	15.474009400724773
ECA785	19.253353547178296
MY2014	12.096604958972607
JU775	42.20360207061496
ECA1981	12.13535339204322
PX179	12.615593039218869
JU2829	4.6147777634431035
MY2042	9.928098090601289
ECA1389	12.381094749962532
DL226	9.738705922052363
ECA2338	14.139162689107504
NIC166	18.300971939185448
ECA2065	24.28067831522205
ECA1829	13.079101929455568
QX1792	20.400481165940533
NIC1802	13.407292457570032
JU1931	7.086947870256384
ECA1817	17.69471623074562
MY713	10.14084639583699
ECA1843	7.998707200401458
QG2840	9.6124890917049175
ECA2566	12.206024109353349
NIC2011	8.77173509400875
ECA2599	18.982114515684025
ECA1837	10.591171449605795
ECA735	11.683622954691542
ECA2571	16.884546056733853
ECA2596	12.231588705956064
JU3228	17.264601931359064
ECA2203	9.175682489542785
MY904	10.311500116614292
WN2011	28.62599050740641
ECA593	22.17206755669218
ECA1074	7.419956856369264
QG2855	9.029656442979618
ECA2344	23.496340429924032
ECA1234	10.932545814188153
ECA1769	18.57736404381692
MY2541	15.749799198106443
ECA2075	19.295849669803232
NIC508	17.40380182909114
MY16	29.948791074027636
MY559	8.377223845388286
ECA771	8.652009797353616
ECA1247	14.41977094448759
ECA1220	13.13364419707655
QG2844	8.962131107974013
ECA2678	14.299443340582654
JU1530	17.039606712044055
ECA1869	26.66026041313518
QG4079	13.610939231030944
ECA1737	24.62968190496857
MY2741	11.568448423923803
NIC265	7.789706584720082
ECA2415	12.789325219272936
ED3046	17.79664000201771
MY2535	11.478102336453468
ECA695	15.425624051657325
ECA243	19.51629412323085
ECA2439	12.495265435313934
ECA1267	11.596288403470217
JU4047	9.468872274140962
NIC269	13.823219075072354
WN2060	11.44966004965725
ECA1971	22.295942081068173
ECA2099	22.476567332981087
ECA2528	13.093021919228775
ECA2283	13.936452838035175
ECA2159	13.118318823720468
JU1400	6.283309383753585
ECA1969	10.678907538993654
JU2570	5.781205983410115
JU2257	6.989039480649642
MY2502	14.979046687442844
ECA1809	17.187439680356626
ECA1194	12.501087738728689
ECA2073	21.83089396119309
JU4075	9.726860546139585
NIC522	18.46553566443697
JU2853	8.444816103421648
ECA1283	15.013445123709328
ECA812	12.121098787131233
ECA1923	13.276457938307434
ECA2609	14.725207643165081
ECA1745	14.71804687919521
ECA2043	19.172510529649283
ECA769	14.597986967401297
ECA1385	16.509107871023794
NIC270	7.358989978083727
MY679	13.038278882524526
ECA2473	13.457819343525664
NIC1107	9.392513099471591
ECA2559	15.076553538883052
MY2684	40.56472404390308
ECA1911	10.395823131586605
JU346	21.553029549950992
ED3049	40.67474550153362
ECA758	11.121067983376252
ECA2356	16.534538621571
QG4077	13.08512500195359
NIC236	9.706181330563043
JU2619	5.01962861985184
ECA2524	11.459096196570819
JU440	8.649199030187875
JU642	8.224907034216075
ECA1205	12.231454859900554
MY2001	12.669934537756582
MY2078	66.73129328128368
WN2091	9.472820732778555
QG4163	16.238069608612786
JU2460	3.490163051217918
ECA1997	22.00790536960719
WN2017	18.403364171651827
QG4015	14.816089114857462
QG2876	8.81449890874471
ECA2534	17.27410500130039
JU1543	14.96191439233736
ECA2091	12.52578233597058
QG4166	13.903928246545853
JU3131	19.02072910269912
ECA1210	12.31939171837168
XZ1735	9.358917739538176
WN2090	10.004925726464952
JU3169	4.215160287804871
MY2530	8.750252802099139
MY673	16.16304889449853
ECA2103	13.427837827091063
ECA1718	13.148099571071803
ECA2602	16.492979421334645
ECA1807	16.069892039862452
ECA2600	22.435945055133313
XZ1516	5.2427901482063435
NIC198	15.634356975227679
ECA1877	10.240026322971092
ECA2330	21.786724762874258
ECA398	25.33933369129112
ECA1889	13.266285638088553
MY2051	22.38769355212138
QG2826	25.044604677054558
ECA2167	13.729392990158715
JU792	7.67935051195076
ECA2642	10.630053728731918
ECA2558	15.742504588081058
CB4854	11.915645091920915
JU2879	6.511657446759165
ECA1741	25.89292097688713
ECA1821	17.645460882317348
QG2833	8.975248021414151
ECA1252	13.280473319972781
JU2581	9.618110626036405
ECA2313	13.307443300158372
JU3142	13.811039084020798
MY10	11.73675983872965
ECA766	16.89739527806297
ECA1222	10.146467930168479
JU3224	10.775812083184059
MY684	44.45375503284836
ECA1913	10.597997598436887
ECA770	9.27178395740012
ECA2352	17.463028708655024
JU315	8.01222565200813
ECA2336	10.486972295390009
MY2291	36.71925994602682
JU1934	7.527970623167132
NIC1604	9.219316303639568
JU1793	9.289853174894185
NIC274	3.59090228489873
ECA1238	12.140707234263685
ECA1264	12.789459065328447
MY792	9.15868404049281
ECA740	3.8297907247758483
ECA747	10.314110114696767
ECA1294	11.71393908626492
QG2838	11.096774924300895
WN2050	8.918831909016008
MY570	9.831394315494153
ECA2565	11.604519935884182
ECA731	11.804820557957303
ECA348	27.58225896652689
ECA259	20.45462189539498
ECA2548	11.108754146269185
ECA1260	12.763559853586951
ECA589	7.482061426126651
NIC1805	20.304312775055443
ECA1191	11.46960311192848
MY881	10.274826297404111
TWN2530	11.716281392236374
NIC277	11.34124474469285
ECA783	14.634058479361675
JU2534	24.19956760558202
ECA1192	11.603114552301308
ECA762	12.704466820078576
ECA2477	6.605938608261542
ECA1287	12.854307479223822
QX1794	34.29330018987892
NIC1779	17.27638038424409
JU3795	11.655314513950836
MY2681	44.30357975856434
ECA702	11.616365311796958
MY2481	19.084506748150403
ECA1785	12.956833557745714
ECA2097	7.978831061157985
ECA2081	24.737427979655415
ECA1273	12.596252284197442
JU2513	7.593488267340064
ECA2555	11.149309501089201
ECA773	10.87485816426265
JU2587	20.036419894948956
ECA1867	14.846003708264305
MY2143	12.213854103600777
JU3403	9.326928532270902
ECA1925	16.76200999291298
JU394	20.604931015734515
ECA2119	11.856953596579075
ECA2570	10.24932862382915
QG4012	17.776563093690967
XZ1514	8.095611744591862
ECA1839	9.159888654992415
JU774	9.185319405539621
ECA2358	19.00828141953654
NIC260	9.564706049887272
WN2066	9.612957552899207
JU2811	8.171502458066945
WN2033	16.56974013417055
JU345	9.758113600101547
JU2586	19.748583952571245
ECA592	5.254836293202389
ECA1193	11.009641142162838
ECA786	12.284190205772127
MY2142	8.86696656250526
QG4137	14.899274438357928
ECA2289	9.754767448713757
JU2605	11.940674304301586
ECA2377	11.848186679943064
ECA1897	20.397135014552745
ECA2309	13.851326746729791
CB4856	17.55230402768127
JU2841	5.030155612117828
ECA1709	14.032955844059043
ECA2365	8.003191043261097
ECA2421	14.241287229462861
ECA2281	13.087065769758508
MY2406	10.678238308716097
JU393	10.517154580907876
ECA2573	15.066314315636413
MY2212	15.064842009025787
BRC20067	8.124656338637882
NIC527	9.222729378055115
JU3227	17.31191651198242
ECA2405	12.187887968831525
QG4011	18.196572015886396
ECA1973	25.73371109385607
ECA1919	16.79373150806923
ECA2612	31.696352097814948
ECA1277	10.278373217875169
NIC271	15.410967908578804
ED3011	52.31199079799039
CB4852	11.749609060058763
ECA399	13.463976262079198
ECA757	22.32833282650198
MY2199	13.027370429000332
WN2056	8.41797996929157
JU1929	9.340313137822063
ECA2342	23.424933559308588
ECA1256	13.094092687672868
ED3040	10.353126239878401
QX1213	103.42686247548495
ECA2069	23.722406417683136
ECA2315	13.675519952815295
JU1762	6.674976403694429
ECA807	14.786576059617154
WN2079	9.479780727665156
ECA2489	14.064476590132026
QG2856	8.971834946998605
ECA2589	11.241395587281188
QW947	8.174246302204933
ECA192	24.973867036716673
CX11262	14.373326363225063
ECA2487	10.57979453488731
ECA2610	16.42190716585798
ECA717	11.534585371879366
ECA1895	24.528828902140575
NIC276	8.045486396802765
JU2565	15.25744648290699
JU3318	14.60929695909203
NIC512	22.21289060362322
ECA2117	13.532304673417872
ECA923	8.82821812943465
ECA1207	13.724440686104787
ECA1755	10.599001443853226
JU3133	12.37681167618616
ECA720	16.23726653227972
ECA711	17.663730868894678
ECA1833	12.729562955487003
ECA1218	11.023293439825023
MY990	10.145263315668874
MY2339	12.28459174393866
QG2878	8.404059979518363
JU1960	64.59076023851429
ECA1985	12.416162416506573
MY2636	35.12923572957667
AB4	54.081703343964875
ECA2429	12.372327833326521
NIC1811	11.848052833887552
ECA811	17.29096960429485
JU2478	15.944812900986854
NIC256	12.424393948920535
ECA1258	11.425433913609648
MY2282	10.445279249098144
NIC1780	16.91713757125093
ECA701	12.417567800089445
QX1215	27.582526658637917
ECA739	18.571876355540944
ECA2601	18.71214702171711
MY561	6.049072094305496
ECA1240	12.460331614825403
ECA2672	11.206060228626123
ECA2590	12.123641862185952
TWN2803	12.592437671615361
XZ2211	11.645075290704199
ECA191	14.69890689325705
ECA2443	10.576247614416252
ECA1241	10.810545134589322
ECA2322	17.12941741529234
JU751	11.778319038966004
ECA1217	9.647422912193448
JU1212	12.41910702972783
ECA1206	10.552623785618453
ECA2576	10.583341455358367
JR4305	16.162245818165463
ECA2652	13.693321478198337
ECA1909	12.081011893505504
XZ2212	12.925848195894778
MY2373	8.146406322658517
ECA2071	20.694139411733
ECA1967	13.545555432913522
MY2121	9.9547334556481
ECA2575	11.62238838429498
QG2812	9.431997685847513
BRC20231	4.609397152011536
QG4008	12.809736742738457
ECA2417	14.38135712655576
ECA2569	9.402886168773739
ECA2564	11.660735279199058
ECA2594	11.283088633573055
QG2852	8.338609258373186
ECA2437	13.460830879774676
ECA1244	13.755693740066746
ECA728	10.6016114419357
ECA736	11.868330511297561
QG2874	10.859064329712279
QG4014	16.191892719461283
ECA1871	27.424856005245243
NIC1119	8.19151244336593
JU1200	16.976899835036864
JU310	6.758824265169676
NIC1807	12.925245888644975
ECA393	16.905827579560203
ECA1251	12.800501364908156
ECA1257	10.419915421578693
ECA2533	15.716538453311806
MY2050	12.845072101393521
MY2443	9.45247613234079
ECA2199	15.129021192643602
ECA759	11.69801140565904
ECA2561	10.325955490609545
QG2931	8.834040432849404
ECA1799	26.99755247302443
MY2109	9.855085067319706
NIC513	8.36839000572452
ECA2332	26.77717494262457
JU323	7.375252273828387
JU2907	10.449093861680224
PB303	46.60338960739255
ECA1288	13.394510159268672
EG4724	27.21130462367647
NIC1977	8.058469464187391
JU2467	7.426515313089333
ECA1228	11.288040937626983
ECA1199	11.907480482534707
ECA808	13.956462823334158
ECA1841	6.179525152309885
ECA1190	11.546497670819898
ECA1237	11.182369476800568
QG2872	10.43510694887926
ECA372	15.03305357084178
ECA1231	10.78745669001357
QG557	44.530248053573246
ECA810	18.86265691113991
JU1896	14.704729196671805
ECA2611	16.481535583588403
JU3786	12.430483944446316
JU312	7.410587632483452
QG4078	13.488603936293334
ECA2578	11.375643180959331
NIC1800	14.641219243331546
ECA2445	10.352791624739622
ECA721	9.377856956393067
ECA752	15.794570703675074
JU3138	12.340472472114758
QG4005	12.43342855766757
JU4067	8.959052648697247
ECA1413	11.098581846050303
ECA1797	12.559377695903994
MY2630	36.04721890130303
ECA1695	22.45695888584864
WN2092	9.321240074911657
QG4158	13.602774621644734
ECA2350	16.395071031727905
NIC259	14.953883629006665
JU1246	10.209643268369957
QG2873	10.591439141716819
WN2064	6.65474557240385
ECA1235	12.142648002068603
ECA2334	30.46992069116208
ECA2577	10.9722980926751
JU561	10.462946928425675
QG2832	9.722309780252193
ECA1203	13.079101929455568
JU1213	12.676426071448896
ECA1979	34.42212701830885
ECA729	13.291515619552492
ECA760	15.575263941719305
ECA1753	22.954598520240797
JU363	18.993357584347
JU3167	4.713810459916142
JU2610	11.124213365680776
ECA2435	13.417330911733401
ECA1282	14.077794272655433
ECA1188	12.608298429193487
ECA1901	19.654088637380053
ECA713	15.754550733077103
WN2089	9.499054559658829
NIC523	5.796216818535742
JU755	10.120970256593518
MY2692	10.42506849471589
ECA1805	24.9724616531338
QG2818	8.85083811281611
ED3077	9.863918906983473
ECA925	8.829623513017522
ECA1721	14.065279666465097
ECA2362	18.1955012474423
QG2825	9.51946608312435
BRC20113	7.196233174581612
ECA1989	13.136053426075758
ECA2660	11.39110240037092
ECA1286	12.048420378988428
QG4193	12.143116463262894
CX11264	55.279224002627224
ECA782	12.422453181115618
ECA2532	14.726211488581418
JU3402	9.231697063774392
ECA745	10.186354054710938
QG4018	14.521159331537634
ECA190	27.40457832783523
ECA1249	13.432923977200504
ECA1266	12.848819790947847
QG2837	10.341080094882356
ECA2582	8.338475412317676
QX1793	13.79825678571944
ECA726	15.403606375525667
CX11307	9.081923327656902
QG2853	8.686675925731123
ECA1072	6.668719100599262
NIC1	16.402231795697777
ECA1269	10.166143300328683
ECA2111	10.316787035806998
ECA2605	14.039982761973404
JU2464	13.945018985587916
ECA1406	11.238450974059933
ECA1391	12.234600242205076
MY2573	10.392878518365348
JU2250	3.620234647964099
ECA2101	12.58862305903328
ECA1878	11.30611015512105
ECA1891	11.639587602428223
ECA2525	15.73293459511198
ECA1186	12.496470049813539
ECA2360	11.541813058876993
ECA2583	12.33391401539469
EG4349	7.256129284423056
MY23	37.613217750788856
ECA2644	10.650933713391728
JU3132	8.207507046999567
JU3280	10.451436167651677
ECA253	21.034911469065555
ECA2656	36.32280792960144
NIC2004	11.451333125351145
ECA2095	9.43795383531778
QG4182	12.82579826939985
ECA2207	8.441938413228149
JU847	27.61096894543413
WN2070	17.604303220247527
ECA1861	7.63263823857721
JU3141	10.360420849903784
ECA2654	38.202943471373
ECA2606	14.151677295297839
ECA2151	13.025563507250924
ED3017	18.715024711910605
WN2019	12.516747727223548
NIC242	16.255335749773785
NIC1808	19.26941507383969
ECA1233	10.76175824735534
ECA1975	12.077398050006694
ECA924	10.416368501107636
ECA2481	14.880469067558547
ECA738	11.05046418909388
NIC197	20.89751849308289
ECA2143	12.473916989459832
JU3791	13.652498431267297
ECA2537	15.135378880280404
ECA2121	10.076801058274686
ECA571	6.627447669382257
JU2866	7.9645095332182425
MY710	9.773505896485382
ECA1771	21.418982725356113
MY2198	7.810385800296625
WN2069	10.341950094243181
MY2239	10.240227092054358
DL200	8.950151886005724
ECA1415	10.69463445051627
QG2831	11.062175718951146
JU1440	7.847595003728853
QG2839	9.435611529346327
JU2466	9.40509462868968
ECA1801	22.59743032110807
ECA2659	16.03709975626211
BRC20263	8.76885740381525
ECA724	12.90490128820721
ECA2348	15.359370254179082
ECA1261	12.017836555304028
MY1	17.731323126928046
ECA2553	9.996761117078744
JU3225	12.513066960696978
NIC232	16.21933116084116
ECA712	17.47460639245678
CX11292	45.463757367738964
ECA2291	10.057393380225502
ECA694	16.36850258970885
JU2001	8.37427923216703
ECA2603	9.929101936017627
QG4186	13.755693740066746
ECA1290	11.21629945187276
NIC1049	5.406711412391411
JU406	8.797299690611469
WN2075	14.447410154950738
ECA1795	11.575274572754894
JU2519	7.6636905234559025
NIC1781	13.066721169320743
JU1568	12.619876112995241
ECA930	19.854188490369907
WN2010	19.96702071516619
ECA746	15.159538093300249
ECA750	16.279896500960167
ECA772	10.936159657686964
JU3785	11.372096260488274
QG558	52.100045569087754
ECA1285	16.61698779176615
ECA1793	11.485932330700896
WN2035	10.923511205441118
EG4725	15.037938951867954
QG4010	17.09930205280223
MY518	56.97619121743116
JU2151	17.12326049673881
CX11271	24.82509714601552
JU2575	4.8545295103782715
ECA2527	14.86621446264656
WN2077	9.092898704208855
QG2829	8.905514226492603
ECA779	8.819451212798638
QG2823	27.227968457587664
ECA1276	9.998835730939174
MY2691	35.87054210802771
ECA2562	12.700183746302205
ECA2354	13.955458977917822
NIC1798	14.72012149305564
ECA2607	16.995839051891757
QG4185	14.428939399290135
NIC231	10.616401431069734
QG536	10.550281479647
ECA2584	12.357671690248
ED3073	12.352987078305095
ECA1254	12.721933730322842
ECA2580	10.883290465759881
ECA1863	12.21479102598936
CX11254	19.67229170092963
ECA1731	4.955964743547743
ECA1763	13.346794040478784
JU2600	13.923001309456257
ECA1262	13.307108685019593
ECA2523	12.511326961975326
JU4071	14.444130926590704
QG2851	9.015401838067634
ECA727	17.338819569140252
QG2834	9.277940875953652
ECA2560	11.781665190353795
MY2434	9.732749772582096
XZ2018	12.998861219176359
NIC1806	12.844202102032696
WN2081	10.374541608760257
JU1666	6.047064403472822
QG537	7.6816258948944585
ECA753	15.947958283291376
ECA822	10.000575729660826
ECA2311	15.152578098413645
ECA2367	7.558755215934802
NIC195	24.01673389375316
ECA2550	11.466993113846003
ECA2597	9.534858379508185
ECA1815	18.623942471134956
ECA1297	14.308477949329689
ECA2079	22.88225472723677
QG2927	8.774211246035716
ECA1873	24.918254000651597
ED3012	31.263427031262648
ECA1835	6.553343800748255
TWN2542	12.969415086963805
QG2877	9.098921776706877
ECA1717	14.961379008115314
QG4019	12.130133395878266
ECA2676	10.095539506046311
JU2316	5.263737055893911
ECA369	56.111077237631875
JU4072	10.299253202534977
ECA2592	11.204989460182032
ECA2673	7.75544199450911
QG4006	14.274079513063205
ECA1515	11.313404765146434
ECA1275	12.623289187410787
WN2088	9.227079374859242
JU1926	8.155842469572086
ECA714	14.353383300953833
ECA2651	12.40933626767548
ECA1409	8.570296780463782
XZ2210	12.366237837800742
EG4347	22.556071889954982
NIC4	15.070731235468296
ECA1196	12.060934985178765
ECA1493	9.852675838320497
ECA1689	13.719086843884321
XZ1513	15.829839139302383
WN2078	10.570425311001497
ECA552	6.619042137096128
ECA1255	12.482349290957064
ECA1216	10.909858907778935
MY934	7.171605500367476
ECA780	14.372121748725458
JU2017	5.7050676547323365
WN2071	9.10333869653876
ECA2482	13.100048837143135
QG4134	21.643107945310305
MY2640	37.42121558415745
ECA2255	22.678206415609324
JU2592	15.00655205185048
JU1920	6.556689952136046
ECA2175	13.181226469810927
ECA744	13.09723806997739
ECA922	9.734222079192726
NIC526	24.53880043327619
ECA715	16.654196995198376
WN2020	20.626011769477593
MY2532	11.20197792393302
ECA2556	17.215815044125083
NIC2002	10.385383139256698
ECA1253	11.274187870881532
NIC514	22.87047627435175
MY2693	12.810606742099282
ECA1813	20.95011999289895
ECA767	12.33297709300611
MY2054	10.962995791817043
WN2067	10.213591727007548
JU2468	8.133490178301647
ECA1917	13.94883359817
ECA741	8.650336721659723
QG4161	16.597780882800233
ECA1991	13.9015859405744
ECA2657	15.991592097388162
ECA1743	10.862276635044559
ECA1739	10.437315408795204
ECA1915	10.897879685810647
ECA1070	11.650094517785883
NIC258	15.901580625056605
ECA2187	11.29687477729075
MY2347	12.642897634543237
JU3140	8.60904521353439
ECA1939	38.95000523021103
TWN2794	11.101526459271557
NIC207	88.06401222386258
MY2022	29.203737006022266
XZ2019	15.211537285866509
JU1770	6.390499997310058
ECA1787	12.105974182858422
ECA2135	10.966542712288101
ECA397	12.027071933134328
NIC1783	13.109886522223238
NIC1796	13.931768226092267
ECA2475	10.07961182544043
ECA2423	16.577034744195934
ECA1761	10.03350185931668
NIC1809	11.327525524002908
JU3128	10.01483033457281
MY2288	12.776877536110357
JU2906	13.453000885527246
ED3052	6.132906571175192
NIC275	18.236458140428855
CX11314	31.53392990945161
NIC1795	11.782602112742376
JU3125	11.879305887849513
NIC1788	11.958408906656873
ECA2649	15.507002453408385
JU2838	6.219237276980179
JU1395	10.974774244702067
ECA1242	10.71424289764872
ECA1274	15.18583884320828
NIC1980	9.269575497484176
QG2932	9.616102935203731
MY920	8.11080327189243
NIC267	7.273395425584054
ECA1693	26.827634905552443
ECA1295	12.907042825095395
ECA1811	16.696960809934335
ECA2593	10.597127599076064
ECA1779	22.261811336912714
ECA1202	11.117721831988463
MY2079	7.717295868688302
QG4139	13.641790746826368
ECA2653	13.00267583175844
ECA1977	12.475121603959437
ECA2195	8.570229857436026
ECA1201	10.94311965257357
ECA1819	18.62742246857826
NIC1787	10.929132739772607
NIC528	7.438427612029867
QG4003	12.57108922576126
ECA775	11.831723615115136
CX11315	68.69916491244311
ECA1204	13.491280857403565
NIC2	13.443096277419386
ECA1211	13.00441583048009
ECA763	17.89561916006854
ECA703	25.237878381213317
NIC1832	17.701810071687735
JU3401	9.386958488167856
ECA615	8.525391428839637
ECA1069	9.835342774131744
ECA1185	10.978388088200877
ECA733	12.702124514107123
NIC1985	9.979829591056525
ECA2139	11.090885697858385
QG4160	15.721624603421247
NIC266	28.254300011250674
ECA2643	13.361985567779353
EG4946	18.208216622715902
ECA1232	12.579856142397269
ECA246	11.61582992757491
ECA781	18.46553566443697
ECA1289	12.40184088856683
ECA1270	9.950316535816215
ECA1933	23.40619511153696
QG4009	12.238615623870425
QG2843	9.831394315494153
MY804	12.40123858131703
ECA725	14.637538476804979
ECA2686	14.133139616609482
WN2016	9.817942786915237
ECA1265	13.224124130602396
ECA2557	16.06882127141836
MY803	8.978794941885209
ECA1943	30.278052370586188
ECA572	7.571470591208405
MY2137	13.8416229077052
ECA2041	16.575763206668576
ECA1467	9.731545158082492
JU2862	7.264427739864776
